28000_16.jpg,
28000_2.jpg,
28001_32.jpg,
28001_39.jpg,
28002_10.jpg,2 315 424 751 478 0.13 1 438 237 519 376 0.49 
28002_15.jpg,
28002_28.jpg,
28002_3.jpg,
28002_41.jpg,
28002_48.jpg,
28003_10.jpg,
28003_17.jpg,
28003_29.jpg,
28003_3.jpg,2 834 481 1000 518 0.08 
28003_35.jpg,
28003_43.jpg,
28004_16.jpg,2 362 248 580 275 0.07 
28004_38.jpg,2 235 307 635 356 0.12
28004_55.jpg,
28004_61.jpg,1 652 275 706 324 0.09 
28004_9.jpg,
28005_11.jpg,
28005_37.jpg,2 363 344 663 387 0.36 
28005_43.jpg,
28005_56.jpg,
28006_23.jpg,
28006_30.jpg,
28007_13.jpg,
28007_19.jpg,
28007_2.jpg,1 106 415 243 523 0.1 1 346 323 408 399 0.12 
28007_51.jpg,1 925 592 1002 668 0.18 1 364 292 417 394 0.34 
28007_7.jpg,
28008_17.jpg,
28008_33.jpg,
28008_39.jpg,
28010_17.jpg,1 326 297 384 443 0.21 
28011_0.jpg,
28011_13.jpg,
28011_4.jpg,
28016_4.jpg,
28017_12.jpg,
28017_3.jpg,
28022_73.jpg,
28022_87.jpg,
28023_4.jpg,
28028_4.jpg,
28028_8.jpg,
28029_10.jpg,2 467 378 673 411 0.1 2 472 369 885 426 0.24 3 742 376 891 438 0.38 
28029_3.jpg,
28030_54.jpg,
28031_2.jpg,1 247 283 337 351 0.16 
28031_32.jpg,1 758 500 801 543 0.11 1 648 356 734 476 0.42 3 53 367 319 637 0.68 3 455 342 668 660 0.71 
28031_37.jpg,1 746 507 899 665 0.28 1 639 354 906 659 0.37 1 645 355 721 480 0.52 
28031_42.jpg,2 572 402 736 484 0.07 1 37 483 214 663 0.15 1 577 410 711 666 0.6 
28031_46.jpg,2 300 378 430 407 0.19 1 227 293 378 424 0.55 
28031_7.jpg,1 860 469 1002 620 0.22 1 537 292 571 354 0.29 3 792 388 919 459 0.49 
28032_3.jpg,1 35 482 140 563 0.11 
28033_10.jpg,2 27 579 380 636 0.22 1 948 336 998 422 0.28 
28035_41.jpg,
28036_26.jpg,
28039_22.jpg,1 880 529 997 659 0.18 
28039_32.jpg,1 95 238 418 527 0.09 
28039_65.jpg,1 16 474 120 571 0.08 1 606 457 762 634 0.14 1 586 286 625 333 0.28 1 564 457 595 517 0.38 
28039_79.jpg,1 595 388 656 505 0.11 
28039_87.jpg,
28040_10.jpg,
28040_53.jpg,1 381 556 440 667 0.17 2 40 463 187 498 0.29 
28041_15.jpg,1 31 284 345 519 0.14 
28041_20.jpg,3 380 322 844 619 0.66 
28041_31.jpg,3 236 328 928 665 0.29 
28041_36.jpg,2 583 415 688 437 0.09 2 444 495 766 541 0.22 2 165 478 766 561 0.4 2 17 561 184 609 0.42 
28041_41.jpg,2 621 512 864 551 0.14 2 262 505 852 576 0.46 
28041_46.jpg,2 25 387 530 441 0.08 4 460 395 510 421 0.08 2 781 378 938 408 0.36 
28042_14.jpg,2 171 326 608 374 0.16 1 317 421 373 570 0.32 
28042_29.jpg,2 354 526 860 588 0.13  2 357 540 521 578 0.33 2 48 458 518 520 0.48 
28042_3.jpg,1 749 620 802 666 0.26 3 731 353 854 390 0.35 2 162 447 594 499 0.4 2 405 524 811 604 0.51 
28042_50.jpg,1 515 359 613 665 0.15 
28043_0.jpg,
28043_4.jpg,1 112 520 232 664 0.11 2 827 410 961 437 0.11 2 58 443 905 524 0.37 
28043_47.jpg,1 32 387 222 646 0.25 2 805 614 960 664 0.32 
28044_17.jpg,1 412 301 449 375 0.09 1 495 204 545 320 0.09 
28044_29.jpg,1 526 246 589 401 0.2 
28044_36.jpg,1 535 321 743 653 0.15 2 127 328 371 360 0.37 
28044_89.jpg,
28045_14.jpg,
28046_1.jpg,
28046_21.jpg,
28046_3.jpg,
28046_6.jpg,
28047_34.jpg,
28048_36.jpg,
28048_46.jpg,3 241 329 484 600 0.09 
28049_28.jpg,
28049_36.jpg,
28049_45.jpg,
28050_2.jpg,
28050_27.jpg,1 249 344 407 547 0.14 
28051_42.jpg,1 191 433 335 662 0.07 
28052_17.jpg,
28052_4.jpg,1 577 280 645 376 0.37 1 711 478 852 664 0.61 
28052_33.jpg,3 17 455 227 649 0.22 
28052_48.jpg,
28052_67.jpg,
28052_8.jpg,
28053_31.jpg,3 504 286 610 464 0.07 
28053_39.jpg,1 465 286 485 317 0.08 1 28 422 246 648 0.44 
28054_26.jpg,2 790 464 969 494 0.31 3 611 444 798 503 0.36 2 17 463 183 497 0.38 2 175 419 792 481 0.48 
28054_47.jpg,2 418 477 524 503 0.08 
28054_9.jpg,2 451 318 563 340 0.16 1 544 300 606 491 0.27 1 538 489 564 541 0.34 2 268 302 437 327 0.36 1 393 368 442 503 0.51 2 394 472 598 512 0.51 1 788 576 850 667 0.58 
28055_12.jpg,1 568 313 775 639 0.15 
28056_13.jpg,
28056_23.jpg,1 223 366 292 424 0.15 
28056_8.jpg,
28057_25.jpg,1 431 351 500 575 0.11 2 699 413 982 496 0.36 3 341 554 564 666 0.53 2 362 575 990 655 0.54 1 485 262 529 366 0.55 
28058_18.jpg,1 710 399 987 647 0.14 
28058_26.jpg,1 717 444 875 637 0.11 1 267 461 362 633 0.28 
28058_57.jpg,1 633 343 892 657 0.11 
28059_2.jpg,
28059_61.jpg,
28060_3.jpg,
28060_30.jpg,1 568 493 639 662 0.14 
28061_17.jpg,
28061_22.jpg,
28061_36.jpg,
28061_40.jpg,
28062_20.jpg,4 889 537 955 586 0.08 
28063_17.jpg,
28063_26.jpg,
28063_35.jpg,1 693 532 768 643 0.51 
28064_10.jpg,2 58 448 177 475 0.16 2 293 421 529 459 0.34 2 805 462 935 494 0.37 
28064_17.jpg,2 181 349 543 393 0.13 2 593 374 845 408 0.19 
28065_26.jpg,1 610 329 709 473 0.74 
28065_3.jpg,1 364 313 437 424 0.1 1 303 520 375 668 0.26 1 508 433 584 666 0.41 1 301 329 418 660 0.64 
28065_9.jpg,2 523 367 686 400 0.18 1 537 410 672 656 0.33 
28066_14.jpg,
28066_2.jpg,
28066_26.jpg,
28066_32.jpg,
28066_37.jpg,
28066_42.jpg,1 443 242 482 286 0.17 
28066_8.jpg,
28067_13.jpg,
28067_25.jpg,
28067_7.jpg,
28068_31.jpg,
28068_55.jpg,1 578 315 640 415 0.12 2 537 452 651 477 0.15 2 702 488 990 533 0.15 1 679 250 850 334 0.18 1 755 426 846 499 0.21 1 687 526 777 665 0.31 
28068_8.jpg,
28069_27.jpg,2 399 358 577 389 0.36 
28069_43.jpg,
28070_11.jpg,
28070_27.jpg,
28070_41.jpg,
28070_58.jpg,
28070_65.jpg,2 588 470 781 501 0.08 1 583 466 618 530 0.11 1 459 231 495 303 0.11 1 635 290 853 430 0.14 1 422 487 479 661 0.27  1 762 473 833 664 0.69 
28070_68.jpg,1 415 290 488 660 0.47 
28071_17.jpg,2 119 343 793 411 0.21 
28071_25.jpg,
28071_40.jpg,2 742 365 943 395 0.11 2 797 410 1002 446 0.19 
28071_47.jpg,1 92 392 248 538 0.09 3 68 599 298 667 0.41 3 202 466 331 565 0.45 
28071_5.jpg,
28071_54.jpg,2 172 420 280 456 0.08 2 439 355 676 389 0.17 3 18 414 289 628 0.73 
28071_8.jpg,1 786 471 910 595 0.49 3 420 302 497 422 0.51 
28072_10.jpg,
28072_26.jpg,
28072_3.jpg,
28072_34.jpg,
28072_41.jpg,
28072_59.jpg,1 610 349 780 592 0.54 
28072_67.jpg,
28072_75.jpg,4 412 513 456 551 0.14 2 362 422 723 480 0.15 2 668 405 1002 447 0.19 3 743 561 1001 629 0.22 
28073_22.jpg,
28073_55.jpg,
28075_1.jpg,1 724 314 814 384 0.1 1 384 316 433 369 0.31 1 48 422 309 662 0.66 
28075_27.jpg,1 819 321 1000 432 0.18 
28075_4.jpg,3 76 529 304 668 0.36 1 789 481 972 657 0.67 
28076_10.jpg, 
28076_18.jpg,
28076_2.jpg,
28076_26.jpg,
28076_56.jpg,1 289 380 417 663 0.1 2 336 427 390 444 0.19 2 420 334 531 364 0.49 1 582 252 626 328 0.61 
28077_15.jpg,
28077_21.jpg,
28078_18.jpg,
28078_25.jpg,
28078_3.jpg,
28078_32.jpg,
28078_40.jpg,2 408 398 904 453 0.26 
28079_21.jpg,2 626 384 860 418 0.2 3 16 385 333 664 0.54 
28079_9.jpg,2 885 500 1002 543 0.12 2 410 404 733 446 0.44 2 696 482 1000 544 0.46 
28080_16.jpg,
28080_23.jpg,
28080_40.jpg,
28080_48.jpg,4 204 632 234 663 0.08
28080_61.jpg,1 597 260 672 308 0.17 
28081_13.jpg,2 398 358 748 404 0.46 
28081_18.jpg,
28081_23.jpg,
28082_16.jpg,
28082_2.jpg,
28082_21.jpg,
28082_7.jpg,
28083_15.jpg,
28083_21.jpg,1 474 551 499 614 0.12 2 364 480 996 567 0.44 
28083_28.jpg,
28083_3.jpg,1 405 467 654 659 0.09 2 26 406 371 468 0.16 1 302 375 387 458 0.17 1 830 528 908 667 0.31
28083_42.jpg,
28083_9.jpg,
28084_14.jpg,
28084_9.jpg,
28085_0.jpg,
28085_12.jpg,
28085_25.jpg,3 714 296 1002 544 0.27 
28086_30.jpg,1 859 421 957 486 0.07 
28087_37.jpg,
28088_21.jpg,1 203 349 256 653 0.08 
28088_29.jpg,3 15 273 407 642 0.08 2 600 538 825 574 0.31 
28088_4.jpg,
28089_12.jpg,1 447 248 504 499 0.22 
28089_25.jpg,3 20 518 313 663 0.54 
28089_38.jpg,1 43 364 225 476 0.09 
28090_32.jpg,
28090_49.jpg,
28090_5.jpg,1 273 383 392 504 0.7 
28091_14.jpg,
28091_20.jpg,
28091_26.jpg,
28091_39.jpg,
28091_48.jpg,
28091_8.jpg,1 318 435 417 668 0.07
28092_1.jpg,
28092_35.jpg,1 451 283 515 657 0.08 
28092_6.jpg,
28093_0.jpg,1 506 297 601 654 0.09 
28093_10.jpg,
28093_35.jpg,1 725 354 860 456 0.2 
28093_4.jpg,
28094_12.jpg,1 625 399 765 660 0.32 1 691 554 789 667 0.39 
28094_19.jpg,
28094_35.jpg,1 543 444 585 531 0.47 
28095_12.jpg,1 730 435 964 660 0.09 1 311 379 374 508 0.16 
28095_24.jpg,1 21 469 112 563 0.09 1 738 472 863 666 0.14 1 743 458 793 519 0.22 
28095_6.jpg,1 698 445 876 662 0.09 1 437 358 476 422 0.17 
28096_24.jpg,
28097_10.jpg,
28097_23.jpg,1 731 339 1000 631 0.12 
28097_3.jpg,1 134 348 310 618 0.09 
28097_30.jpg,
28098_19.jpg,
28098_28.jpg,1 734 374 993 591 0.21 
28098_60.jpg,1 642 516 714 667 0.28 
28099_20.jpg,
28099_29.jpg,
28099_38.jpg,
28099_47.jpg,1 634 345 685 653 0.1 
28099_56.jpg,1 750 563 827 665 0.09 1 352 369 446 584 0.12 1 539 412 569 487 0.14 
28100_20.jpg,3 27 0 209 143 0.08 3 352 299 724 507 0.21 
28101_10.jpg,1 360 379 398 430 0.15 2 364 363 630 401 0.22 2 394 412 626 444 0.24 1 604 410 758 660 0.36 
28101_16.jpg,1 528 513 583 664 0.17 
28102_15.jpg,
28102_24.jpg,1 538 285 574 349 0.29 
28102_32.jpg,1 514 264 624 648 0.4 
28102_40.jpg,1 511 273 555 374 0.1 1 550 435 629 664 0.36 3 151 408 384 536 0.71 
28103_12.jpg,
28103_16.jpg,1 699 402 779 474 0.11 1 630 332 682 382 0.29 
28104_18.jpg,2 849 353 1002 386 0.14 1 831 346 900 394 0.33 
28104_7.jpg,
28105_12.jpg,2 243 326 640 374 0.23 
28105_17.jpg,2 63 512 980 609 0.46 
28105_33.jpg,1 524 230 594 380 0.09 2 447 339 573 363 0.14 2 268 334 571 368 0.29 
28105_38.jpg,2 658 439 950 481 0.1 2 214 415 964 494 0.14 
28105_43.jpg,2 619 425 979 478 0.08 1 521 269 633 663 0.15 2 867 392 1002 421 0.17 2 26 439 584 536 0.23 
28105_48.jpg,1 523 242 566 332 0.09 3 606 278 685 312 0.17 1 885 367 960 458 0.27 1 553 430 597 537 0.52 
28105_53.jpg,1 546 316 609 506 0.27 
28105_7.jpg,1 628 627 659 668 0.11 4 219 414 267 446 0.24 1 570 430 626 563 0.48 
28106_14.jpg,2 466 295 615 322 0.26 2 348 426 994 494 0.44 
28106_2.jpg,1 451 536 492 667 0.31 1 363 397 438 535 0.44 
28106_20.jpg,2 328 488 997 555 0.29 
28106_32.jpg,2 732 373 865 399 0.11 2 381 369 670 405 0.22 
28106_7.jpg,1 261 393 384 600 0.1 
28107_21.jpg,2 136 353 427 391 0.13 1 526 239 573 346 0.28 1 534 256 598 481 0.33 
28107_26.jpg,1 568 358 685 603 0.23 
28107_31.jpg,2 25 598 295 644 0.49 
28107_9.jpg,2 32 449 721 547 0.49 
28108_2.jpg,2 38 439 308 487 0.09 2 400 371 732 453 0.13 2 51 388 725 503 0.43 
28108_24.jpg,
28108_30.jpg,3 330 257 501 309 0.13 2 829 415 1001 449 0.14 2 229 334 616 382 0.32 3 200 338 270 380 0.4 
28109_14.jpg,3 296 258 521 370 0.34 3 21 345 291 550 0.61 
28109_28.jpg,
28109_37.jpg,2 674 389 843 416 0.1 
28110_25.jpg,2 402 357 992 416 0.2 2 456 581 669 625 0.67 
28110_30.jpg,2 242 399 538 437 0.07 1 607 476 687 666 0.13 2 256 391 983 454 0.13 
28110_35.jpg,1 621 472 661 553 0.1 2 79 388 265 427 0.27 
28110_40.jpg,
28110_60.jpg,2 455 353 549 384 0.15 2 19 499 944 582 0.33 2 867 567 1001 618 0.44 
28110_66.jpg,1 274 570 357 621 0.11 
28111_14.jpg,2 231 528 808 583 0.07 2 544 469 655 495 0.12 3 665 519 821 575 0.57 
28111_21.jpg,1 611 276 634 312 0.09 3 814 460 1002 658 0.34 
28111_27.jpg,
28113_5.jpg,1 955 525 1002 664 0.14 
28114_17.jpg,1 94 341 274 496 0.09 
28114_22.jpg,1 400 453 473 653 0.11 
28115_14.jpg,
28115_2.jpg,1 617 581 667 664 0.14 
28115_20.jpg,
28115_26.jpg,
28115_32.jpg,
28115_44.jpg,2 35 475 741 541 0.14 2 801 509 1001 545 0.16 3 641 518 752 662 0.61 
28115_61.jpg,1 865 575 951 654 0.1 
28115_67.jpg,2 278 298 615 333 0.21 
28115_79.jpg,2 18 514 308 572 0.13 3 246 290 482 666 0.67 
28115_8.jpg,1 619 457 723 664 0.27 3 564 328 647 372 0.53 
28116_2.jpg,2 317 367 623 404 0.15 1 613 379 790 661 0.19 3 367 307 412 342 0.2 
28116_25.jpg,1 438 256 495 492 0.07 
28117_17.jpg,1 32 299 364 620 0.12 2 652 425 949 465 0.23 4 680 328 746 364 0.31 
28117_3.jpg,1 581 300 618 337 0.1 2 776 435 939 468 0.15 1 194 282 400 627 0.19 
28117_34.jpg,1 516 295 575 445 0.09 1 762 379 863 455 0.09 1 512 404 566 659 0.12 2 161 460 525 501 0.2 3 867 485 1002 575 0.35 
28117_9.jpg,1 36 351 315 636 0.13 1 34 586 138 643 0.37 3 219 378 305 444 0.6 
28118_1.jpg,1 284 258 401 381 0.07 1 17 492 70 537 0.08 1 19 556 82 637 0.1 1 222 313 355 412 0.12 1 282 339 328 381 0.19 1 530 302 570 385 0.23 1 151 339 326 466 0.36 
28118_15.jpg,
28118_8.jpg,
28119_15.jpg,1 276 371 424 658 0.28 
28119_33.jpg,1 228 366 316 472 0.37 
28120_23.jpg,1 17 321 140 381 0.08 1 472 415 519 529 0.25 1 466 256 534 522 0.4 3 454 539 547 665 0.49 
28121_19.jpg,2 634 453 977 497 0.07 1 165 444 251 536 0.07 2 607 365 874 401 0.13 2 831 460 982 488 0.22 3 446 433 647 501 0.68 
28121_2.jpg,3 301 327 366 396 0.07 4 468 547 554 582 0.08 2 20 550 112 576 0.11 3 251 521 360 663 0.11 3 297 314 642 411 0.47 3 35 494 367 657 0.61 
28122_22.jpg,3 321 411 803 663 0.4 
28122_35.jpg,1 906 461 979 664 0.11 3 230 345 607 467 0.36 3 17 401 202 586 0.62 
28122_40.jpg,
28122_44.jpg,2 552 400 679 430 0.09 2 138 444 399 505 0.37 2 558 397 910 442 0.43 2 249 340 664 389 0.47 
28123_12.jpg,
28123_18.jpg,3 17 438 216 662 0.1 
28124_60.jpg,2 84 310 282 358 0.09 
28125_10.jpg,
28125_16.jpg,
28125_4.jpg,
28126_3.jpg,1 735 384 779 427 0.14 1 766 328 834 376 0.37 1 811 463 878 543 0.64 
28126_38.jpg,2 938 424 1002 453 0.08 1 180 256 289 326 0.1 
28126_9.jpg,2 366 327 639 388 0.11 
28127_36.jpg,
28127_43.jpg,
28127_56.jpg,
28127_69.jpg,1 853 474 1002 655 0.07 
28128_19.jpg,
28128_25.jpg,2 361 388 571 425 0.1 2 204 357 406 390 0.13 
28129_22.jpg,
28129_37.jpg,1 412 228 486 489 0.07 
28130_16.jpg,3 20 524 348 617 0.56 
28131_0.jpg,3 190 496 564 604 0.58 
28131_13.jpg,4 37 379 187 450 0.26 
28131_19.jpg,1 276 416 365 556 0.17 2 17 538 292 588 0.2 
28132_2.jpg,3 360 397 461 447 0.38 
28132_41.jpg,1 205 307 264 649 0.07 
28133_3.jpg,
28134_25.jpg,
28134_36.jpg,1 183 529 230 562 0.16 
28134_4.jpg,2 613 498 990 547 0.11 2 603 394 874 432 0.2
28134_40.jpg,
28134_48.jpg,4 461 274 528 303 0.22
28135_4.jpg,1 133 422 305 615 0.33 
28136_21.jpg,
28136_27.jpg,
28136_33.jpg,
28136_39.jpg,
28136_8.jpg,1 416 348 451 461 0.08 
28137_17.jpg,
28137_24.jpg,1 348 378 395 479 0.15 
28137_36.jpg,
28137_43.jpg,
28137_56.jpg,
28137_63.jpg,
28137_70.jpg,
28137_77.jpg,1 553 348 586 421 0.2 
28138_12.jpg,
28138_19.jpg,3 383 623 492 668 0.1 
28139_18.jpg,
28139_24.jpg,1 777 476 883 550 0.57 
28139_48.jpg,
28140_15.jpg,4 299 291 365 329 0.08 
28140_21.jpg,
28140_26.jpg,
28140_3.jpg,3 346 319 987 655 0.09 
28140_9.jpg,4 420 289 537 327 0.07 1 18 376 171 482 0.24 
28141_13.jpg,
28141_18.jpg,4 830 542 961 639 0.13 1 16 410 117 485 0.22 
28141_23.jpg,1 285 418 381 626 0.08 
28141_38.jpg,1 366 276 405 335 0.18 
28142_26.jpg,1 295 320 348 635 0.14 
28142_43.jpg,1 521 358 620 655 0.07 
28142_60.jpg,1 504 544 557 664 0.08 3 663 534 752 582 0.31 
